{"accuracy": [0.5848495364189148, 0.8520378470420837, 0.9119567275047302, 0.9394124746322632, 0.9554164409637451, 0.9649050235748291, 0.9713919758796692, 0.9761291742324829, 0.9790454506874084, 0.9819048047065735], "loss": [1.4086803197860718, 0.46407705545425415, 0.271531343460083, 0.18556642532348633, 0.1340787410736084, 0.1047041118144989, 0.08822806179523468, 0.07263658940792084, 0.06551092118024826, 0.054014965891838074], "val_accuracy": [0.8359890580177307, 0.9060437083244324, 0.9191896319389343, 0.9470748901367188, 0.9515706896781921, 0.954245388507843, 0.9445139765739441, 0.9659686088562012, 0.9606191515922546, 0.9642044305801392], "val_loss": [0.5209940671920776, 0.28447413444519043, 0.2490832358598709, 0.16234201192855835, 0.14566420018672943, 0.1486063003540039, 0.17937371134757996, 0.10923232138156891, 0.1327539086341858, 0.12113794684410095]}